{
    "total_execution_time_seconds": 4.4093523025512695,
    "average_objective_on_rerun": 3460561.47972471,
    "total_energy_supplied_kwh_all_instances": 30959.86577529209,
    "number_of_instances_processed": 7,
    "number_of_successful_runs": 7,
    "per_instance_details": {
        "test_system_1.json": {
            "Number of Chargers": 10,
            "Number of EV": 103,
            "Requested Energy (kWh)": 3286.481594959156,
            "Station Capacity": 980.0,
            "Provided Energy (kWh)": 799.9426904348406,
            "Provided/requested ratio (%)": 24.34039769648496,
            "Total Charging Cost ($)": 23933.10194463501,
            "Standard Deviation of Energy (KWh)": 12.705,
            "Mean supplied energy (kWh)": 21.62,
            "Minimum charge (kWh)": 3.5,
            "Satisfaction Threshold (%)": 0.5,
            "Dissatisfied Users": 81,
            "Total attended users": 37,
            "Mean hourly charge": 57.138763602488616,
            "Mean difference to transformer limit": 12.86123639751138,
            "Std deviation of that difference": 15.608385822716947,
            "Total time (s)": 0.03555417060852051
        },
        "test_system_2.json": {
            "Number of Chargers": 15,
            "Number of EV": 183,
            "Requested Energy (kWh)": 5332.502592881107,
            "Station Capacity": 2800.0,
            "Provided Energy (kWh)": 1253.0805254106497,
            "Provided/requested ratio (%)": 23.498920133363132,
            "Total Charging Cost ($)": 42632.2592348912,
            "Standard Deviation of Energy (KWh)": 12.61,
            "Mean supplied energy (kWh)": 22.783,
            "Minimum charge (kWh)": 6.39,
            "Satisfaction Threshold (%)": 0.5,
            "Dissatisfied Users": 136,
            "Total attended users": 55,
            "Mean hourly charge": 89.50575181504642,
            "Mean difference to transformer limit": 110.49424818495358,
            "Std deviation of that difference": 53.03824925025884,
            "Total time (s)": 0.08197212219238281
        },
        "test_system_3.json": {
            "Number of Chargers": 22,
            "Number of EV": 217,
            "Requested Energy (kWh)": 6249.885649583969,
            "Station Capacity": 4200.0,
            "Provided Energy (kWh)": 2189.1902561441875,
            "Provided/requested ratio (%)": 35.02768496716278,
            "Total Charging Cost ($)": 87952.03042659181,
            "Standard Deviation of Energy (KWh)": 15.525,
            "Mean supplied energy (kWh)": 26.062,
            "Minimum charge (kWh)": 4.56,
            "Satisfaction Threshold (%)": 0.5,
            "Dissatisfied Users": 143,
            "Total attended users": 84,
            "Mean hourly charge": 156.37073258172765,
            "Mean difference to transformer limit": 143.62926741827238,
            "Std deviation of that difference": 83.34410195146309,
            "Total time (s)": 0.1239628791809082
        },
        "test_system_4.json": {
            "Number of Chargers": 38,
            "Number of EV": 286,
            "Requested Energy (kWh)": 8596.786184041668,
            "Station Capacity": 7000.0,
            "Provided Energy (kWh)": 3117.3483109225353,
            "Provided/requested ratio (%)": 36.261787186347746,
            "Total Charging Cost ($)": 94194.35953173247,
            "Standard Deviation of Energy (KWh)": 15.629,
            "Mean supplied energy (kWh)": 24.741,
            "Minimum charge (kWh)": 1.09,
            "Satisfaction Threshold (%)": 0.5,
            "Dissatisfied Users": 178,
            "Total attended users": 126,
            "Mean hourly charge": 222.66773649446685,
            "Mean difference to transformer limit": 277.3322635055332,
            "Std deviation of that difference": 149.55892545077387,
            "Total time (s)": 0.2710990905761719
        },
        "test_system_5.json": {
            "Number of Chargers": 62,
            "Number of EV": 341,
            "Requested Energy (kWh)": 10279.87294218101,
            "Station Capacity": 11200.0,
            "Provided Energy (kWh)": 5748.052666930367,
            "Provided/requested ratio (%)": 55.91560031199027,
            "Total Charging Cost ($)": 193225.26859889063,
            "Standard Deviation of Energy (KWh)": 17.657,
            "Mean supplied energy (kWh)": 26.986,
            "Minimum charge (kWh)": 1.75,
            "Satisfaction Threshold (%)": 0.5,
            "Dissatisfied Users": 153,
            "Total attended users": 213,
            "Mean hourly charge": 410.5126904950262,
            "Mean difference to transformer limit": 389.4873095049738,
            "Std deviation of that difference": 237.18897575329632,
            "Total time (s)": 0.5020310878753662
        },
        "test_system_6.json": {
            "Number of Chargers": 86,
            "Number of EV": 462,
            "Requested Energy (kWh)": 13901.655228151925,
            "Station Capacity": 14000.0,
            "Provided Energy (kWh)": 7173.355851896906,
            "Provided/requested ratio (%)": 51.60073195722986,
            "Total Charging Cost ($)": 197039.9711171818,
            "Standard Deviation of Energy (KWh)": 15.586,
            "Mean supplied energy (kWh)": 25.803,
            "Minimum charge (kWh)": 3.5,
            "Satisfaction Threshold (%)": 0.5,
            "Dissatisfied Users": 212,
            "Total attended users": 278,
            "Mean hourly charge": 512.3146731649317,
            "Mean difference to transformer limit": 487.6853268350683,
            "Std deviation of that difference": 334.85104536490564,
            "Total time (s)": 1.0931012630462646
        },
        "test_system_7.json": {
            "Number of Chargers": 132,
            "Number of EV": 592,
            "Requested Energy (kWh)": 16806.914408509638,
            "Station Capacity": 21000.0,
            "Provided Energy (kWh)": 10678.895473552606,
            "Provided/requested ratio (%)": 63.5387032621865,
            "Total Charging Cost ($)": 398702.18926500116,
            "Standard Deviation of Energy (KWh)": 15.471,
            "Mean supplied energy (kWh)": 25.92,
            "Minimum charge (kWh)": 3.5,
            "Satisfaction Threshold (%)": 0.5,
            "Dissatisfied Users": 205,
            "Total attended users": 412,
            "Mean hourly charge": 762.6532481109008,
            "Mean difference to transformer limit": 737.3467518890992,
            "Std deviation of that difference": 474.0264304017911,
            "Total time (s)": 2.3016316890716553
        }
    }
}