{
    "total_execution_time_seconds": 13.203038930892944,
    "average_objective_on_rerun": 3110203.399982888,
    "total_energy_supplied_kwh_all_instances": 34564.6868907219,
    "number_of_instances_processed": 7,
    "number_of_successful_runs": 7,
    "per_instance_details": {
        "test_system_1.json": {
            "Number of Chargers": 10,
            "Number of EV": 103,
            "Requested Energy (kWh)": 3286.481594959156,
            "Station Capacity": 980.0,
            "Provided Energy (kWh)": 826.288562779905,
            "Provided/requested ratio (%)": 25.14204138697372,
            "Total Charging Cost ($)": 24915.496556789076,
            "Standard Deviation of Energy (KWh)": 17.531,
            "Mean supplied energy (kWh)": 25.039,
            "Minimum charge (kWh)": 3.0,
            "Satisfaction Threshold (%)": 0.5,
            "Dissatisfied Users": 82,
            "Total attended users": 33,
            "Mean hourly charge": 59.02061162713606,
            "Mean difference to transformer limit": 10.979388372863937,
            "Std deviation of that difference": 14.786607839868518,
            "Total time (s)": 0.10536336898803711
        },
        "test_system_2.json": {
            "Number of Chargers": 15,
            "Number of EV": 183,
            "Requested Energy (kWh)": 5332.502592881107,
            "Station Capacity": 2800.0,
            "Provided Energy (kWh)": 1547.643222411663,
            "Provided/requested ratio (%)": 29.02283112769166,
            "Total Charging Cost ($)": 53004.80522977391,
            "Standard Deviation of Energy (KWh)": 13.57,
            "Mean supplied energy (kWh)": 23.81,
            "Minimum charge (kWh)": 5.25,
            "Satisfaction Threshold (%)": 0.5,
            "Dissatisfied Users": 124,
            "Total attended users": 65,
            "Mean hourly charge": 110.5459444579759,
            "Mean difference to transformer limit": 89.4540555420241,
            "Std deviation of that difference": 59.90025748245789,
            "Total time (s)": 0.27173662185668945
        },
        "test_system_3.json": {
            "Number of Chargers": 22,
            "Number of EV": 217,
            "Requested Energy (kWh)": 6249.885649583969,
            "Station Capacity": 4200.0,
            "Provided Energy (kWh)": 2556.0665117852936,
            "Provided/requested ratio (%)": 40.89781245766378,
            "Total Charging Cost ($)": 101184.74567609341,
            "Standard Deviation of Energy (KWh)": 13.882,
            "Mean supplied energy (kWh)": 29.38,
            "Minimum charge (kWh)": 1.75,
            "Satisfaction Threshold (%)": 0.5,
            "Dissatisfied Users": 138,
            "Total attended users": 87,
            "Mean hourly charge": 182.57617941323525,
            "Mean difference to transformer limit": 117.42382058676472,
            "Std deviation of that difference": 105.80425040833065,
            "Total time (s)": 0.4310619831085205
        },
        "test_system_4.json": {
            "Number of Chargers": 38,
            "Number of EV": 286,
            "Requested Energy (kWh)": 8596.786184041668,
            "Station Capacity": 7000.0,
            "Provided Energy (kWh)": 4001.9243998330057,
            "Provided/requested ratio (%)": 46.551400885854676,
            "Total Charging Cost ($)": 122572.29065351136,
            "Standard Deviation of Energy (KWh)": 16.181,
            "Mean supplied energy (kWh)": 29.865,
            "Minimum charge (kWh)": 5.25,
            "Satisfaction Threshold (%)": 0.5,
            "Dissatisfied Users": 163,
            "Total attended users": 134,
            "Mean hourly charge": 285.85174284521463,
            "Mean difference to transformer limit": 214.14825715478537,
            "Std deviation of that difference": 175.29766885845896,
            "Total time (s)": 0.8346569538116455
        },
        "test_system_5.json": {
            "Number of Chargers": 62,
            "Number of EV": 341,
            "Requested Energy (kWh)": 10279.87294218101,
            "Station Capacity": 11200.0,
            "Provided Energy (kWh)": 5937.993665582811,
            "Provided/requested ratio (%)": 57.76329823316851,
            "Total Charging Cost ($)": 193544.0164793614,
            "Standard Deviation of Energy (KWh)": 16.973,
            "Mean supplied energy (kWh)": 26.391,
            "Minimum charge (kWh)": 1.75,
            "Satisfaction Threshold (%)": 0.5,
            "Dissatisfied Users": 142,
            "Total attended users": 225,
            "Mean hourly charge": 424.1424046844864,
            "Mean difference to transformer limit": 375.8575953155136,
            "Std deviation of that difference": 281.1793029022036,
            "Total time (s)": 1.607767105102539
        },
        "test_system_6.json": {
            "Number of Chargers": 86,
            "Number of EV": 462,
            "Requested Energy (kWh)": 13901.655228151925,
            "Station Capacity": 14000.0,
            "Provided Energy (kWh)": 7795.415327622891,
            "Provided/requested ratio (%)": 56.0754471297531,
            "Total Charging Cost ($)": 221214.67354908967,
            "Standard Deviation of Energy (KWh)": 16.015,
            "Mean supplied energy (kWh)": 27.742,
            "Minimum charge (kWh)": 1.75,
            "Satisfaction Threshold (%)": 0.5,
            "Dissatisfied Users": 204,
            "Total attended users": 281,
            "Mean hourly charge": 556.8153805444921,
            "Mean difference to transformer limit": 443.1846194555079,
            "Std deviation of that difference": 337.3864177259768,
            "Total time (s)": 2.8997738361358643
        },
        "test_system_7.json": {
            "Number of Chargers": 132,
            "Number of EV": 592,
            "Requested Energy (kWh)": 16806.914408509638,
            "Station Capacity": 21000.0,
            "Provided Energy (kWh)": 11899.355200706354,
            "Provided/requested ratio (%)": 70.80035580285636,
            "Total Charging Cost ($)": 441481.1058104516,
            "Standard Deviation of Energy (KWh)": 16.531,
            "Mean supplied energy (kWh)": 26.861,
            "Minimum charge (kWh)": 1.75,
            "Satisfaction Threshold (%)": 0.5,
            "Dissatisfied Users": 188,
            "Total attended users": 443,
            "Mean hourly charge": 849.9539429075961,
            "Mean difference to transformer limit": 650.0460570924039,
            "Std deviation of that difference": 542.425223655254,
            "Total time (s)": 7.052679061889648
        }
    }
}