{
    "total_execution_time_seconds": 515.8381612300873,
    "average_objective_on_rerun": 3094161.725423058,
    "total_energy_supplied_kwh_all_instances": 34738.369330704765,
    "number_of_instances_processed": 7,
    "number_of_successful_runs": 7,
    "per_instance_details": {
        "test_system_1.json": {
            "Number of Chargers": 10,
            "Number of EV": 103,
            "Requested Energy (kWh)": 3286.481594959156,
            "Station Capacity": 980.0,
            "Provided Energy (kWh)": 826.288562779905,
            "Provided/requested ratio (%)": 25.14204138697372,
            "Total Charging Cost ($)": 24915.496556789076,
            "Standard Deviation of Energy (KWh)": 17.531,
            "Mean supplied energy (kWh)": 25.039,
            "Minimum charge (kWh)": 3.0,
            "Satisfaction Threshold (%)": 0.5,
            "Dissatisfied Users": 82,
            "Total attended users": 33,
            "Mean hourly charge": 59.02061162713606,
            "Mean difference to transformer limit": 10.979388372863937,
            "Std deviation of that difference": 14.786607839868518,
            "Total time (s)": 3.802279233932495
        },
        "test_system_2.json": {
            "Number of Chargers": 15,
            "Number of EV": 183,
            "Requested Energy (kWh)": 5332.502592881107,
            "Station Capacity": 2800.0,
            "Provided Energy (kWh)": 1549.408829168033,
            "Provided/requested ratio (%)": 29.05594141175842,
            "Total Charging Cost ($)": 53662.110277764164,
            "Standard Deviation of Energy (KWh)": 13.698,
            "Mean supplied energy (kWh)": 22.455,
            "Minimum charge (kWh)": 5.25,
            "Satisfaction Threshold (%)": 0.5,
            "Dissatisfied Users": 127,
            "Total attended users": 69,
            "Mean hourly charge": 110.67205922628807,
            "Mean difference to transformer limit": 89.32794077371193,
            "Std deviation of that difference": 56.301556882688686,
            "Total time (s)": 8.148033618927002
        },
        "test_system_3.json": {
            "Number of Chargers": 22,
            "Number of EV": 217,
            "Requested Energy (kWh)": 6249.885649583969,
            "Station Capacity": 4200.0,
            "Provided Energy (kWh)": 2667.283251836344,
            "Provided/requested ratio (%)": 42.67731285633833,
            "Total Charging Cost ($)": 106817.34777473337,
            "Standard Deviation of Energy (KWh)": 14.764,
            "Mean supplied energy (kWh)": 28.68,
            "Minimum charge (kWh)": 1.75,
            "Satisfaction Threshold (%)": 0.5,
            "Dissatisfied Users": 135,
            "Total attended users": 93,
            "Mean hourly charge": 190.5202322740246,
            "Mean difference to transformer limit": 109.4797677259754,
            "Std deviation of that difference": 96.30572350197588,
            "Total time (s)": 11.208268880844116
        },
        "test_system_4.json": {
            "Number of Chargers": 38,
            "Number of EV": 286,
            "Requested Energy (kWh)": 8596.786184041668,
            "Station Capacity": 7000.0,
            "Provided Energy (kWh)": 4062.62449300845,
            "Provided/requested ratio (%)": 47.25747978413091,
            "Total Charging Cost ($)": 127451.34622429624,
            "Standard Deviation of Energy (KWh)": 16.573,
            "Mean supplied energy (kWh)": 30.094,
            "Minimum charge (kWh)": 2.56,
            "Satisfaction Threshold (%)": 0.5,
            "Dissatisfied Users": 164,
            "Total attended users": 135,
            "Mean hourly charge": 290.18746378631784,
            "Mean difference to transformer limit": 209.81253621368214,
            "Std deviation of that difference": 164.99307329847062,
            "Total time (s)": 32.251606464385986
        },
        "test_system_5.json": {
            "Number of Chargers": 62,
            "Number of EV": 341,
            "Requested Energy (kWh)": 10279.87294218101,
            "Station Capacity": 11200.0,
            "Provided Energy (kWh)": 5937.993665582811,
            "Provided/requested ratio (%)": 57.76329823316851,
            "Total Charging Cost ($)": 193544.0164793614,
            "Standard Deviation of Energy (KWh)": 16.973,
            "Mean supplied energy (kWh)": 26.391,
            "Minimum charge (kWh)": 1.75,
            "Satisfaction Threshold (%)": 0.5,
            "Dissatisfied Users": 142,
            "Total attended users": 225,
            "Mean hourly charge": 424.1424046844864,
            "Mean difference to transformer limit": 375.8575953155136,
            "Std deviation of that difference": 281.1793029022036,
            "Total time (s)": 47.09063792228699
        },
        "test_system_6.json": {
            "Number of Chargers": 86,
            "Number of EV": 462,
            "Requested Energy (kWh)": 13901.655228151925,
            "Station Capacity": 14000.0,
            "Provided Energy (kWh)": 7795.415327622891,
            "Provided/requested ratio (%)": 56.0754471297531,
            "Total Charging Cost ($)": 221214.67354908967,
            "Standard Deviation of Energy (KWh)": 16.015,
            "Mean supplied energy (kWh)": 27.742,
            "Minimum charge (kWh)": 1.75,
            "Satisfaction Threshold (%)": 0.5,
            "Dissatisfied Users": 204,
            "Total attended users": 281,
            "Mean hourly charge": 556.8153805444921,
            "Mean difference to transformer limit": 443.1846194555079,
            "Std deviation of that difference": 337.3864177259768,
            "Total time (s)": 108.27030777931213
        },
        "test_system_7.json": {
            "Number of Chargers": 132,
            "Number of EV": 592,
            "Requested Energy (kWh)": 16806.914408509638,
            "Station Capacity": 21000.0,
            "Provided Energy (kWh)": 11899.355200706354,
            "Provided/requested ratio (%)": 70.80035580285636,
            "Total Charging Cost ($)": 441481.1058104516,
            "Standard Deviation of Energy (KWh)": 16.531,
            "Mean supplied energy (kWh)": 26.861,
            "Minimum charge (kWh)": 1.75,
            "Satisfaction Threshold (%)": 0.5,
            "Dissatisfied Users": 188,
            "Total attended users": 443,
            "Mean hourly charge": 849.9539429075961,
            "Mean difference to transformer limit": 650.0460570924039,
            "Std deviation of that difference": 542.425223655254,
            "Total time (s)": 305.06702733039856
        }
    }
}