{
    "total_execution_time_seconds": 475.54479598999023,
    "average_objective_on_rerun": 3097141.507253454,
    "total_energy_supplied_kwh_all_instances": 34724.2246106738,
    "number_of_instances_processed": 7,
    "number_of_successful_runs": 7,
    "per_instance_details": {
        "test_system_1.json": {
            "Number of Chargers": 10,
            "Number of EV": 103,
            "Requested Energy (kWh)": 3286.481594959156,
            "Station Capacity": 980.0,
            "Provided Energy (kWh)": 826.288562779905,
            "Provided/requested ratio (%)": 25.14204138697372,
            "Total Charging Cost ($)": 24915.496556789076,
            "Standard Deviation of Energy (KWh)": 17.531,
            "Mean supplied energy (kWh)": 25.039,
            "Minimum charge (kWh)": 3.0,
            "Satisfaction Threshold (%)": 0.5,
            "Dissatisfied Users": 82,
            "Total attended users": 33,
            "Mean hourly charge": 59.02061162713606,
            "Mean difference to transformer limit": 10.979388372863937,
            "Std deviation of that difference": 14.786607839868518,
            "Total time (s)": 2.7172858715057373
        },
        "test_system_2.json": {
            "Number of Chargers": 15,
            "Number of EV": 183,
            "Requested Energy (kWh)": 5332.502592881107,
            "Station Capacity": 2800.0,
            "Provided Energy (kWh)": 1647.2738402013151,
            "Provided/requested ratio (%)": 30.891196234961537,
            "Total Charging Cost ($)": 58283.69717808692,
            "Standard Deviation of Energy (KWh)": 13.613,
            "Mean supplied energy (kWh)": 23.201,
            "Minimum charge (kWh)": 3.04,
            "Satisfaction Threshold (%)": 0.5,
            "Dissatisfied Users": 122,
            "Total attended users": 71,
            "Mean hourly charge": 117.66241715723677,
            "Mean difference to transformer limit": 82.33758284276323,
            "Std deviation of that difference": 54.24298620845887,
            "Total time (s)": 6.099607467651367
        },
        "test_system_3.json": {
            "Number of Chargers": 22,
            "Number of EV": 217,
            "Requested Energy (kWh)": 6249.885649583969,
            "Station Capacity": 4200.0,
            "Provided Energy (kWh)": 2613.0631446962093,
            "Provided/requested ratio (%)": 41.80977526957075,
            "Total Charging Cost ($)": 104069.23309263945,
            "Standard Deviation of Energy (KWh)": 14.256,
            "Mean supplied energy (kWh)": 28.403,
            "Minimum charge (kWh)": 1.75,
            "Satisfaction Threshold (%)": 0.5,
            "Dissatisfied Users": 138,
            "Total attended users": 92,
            "Mean hourly charge": 186.64736747830065,
            "Mean difference to transformer limit": 113.35263252169939,
            "Std deviation of that difference": 96.57248496681792,
            "Total time (s)": 10.79067325592041
        },
        "test_system_4.json": {
            "Number of Chargers": 38,
            "Number of EV": 286,
            "Requested Energy (kWh)": 8596.786184041668,
            "Station Capacity": 7000.0,
            "Provided Energy (kWh)": 4004.8348690843436,
            "Provided/requested ratio (%)": 46.585256203284125,
            "Total Charging Cost ($)": 124493.48103357198,
            "Standard Deviation of Energy (KWh)": 16.756,
            "Mean supplied energy (kWh)": 29.665,
            "Minimum charge (kWh)": 2.97,
            "Satisfaction Threshold (%)": 0.5,
            "Dissatisfied Users": 170,
            "Total attended users": 135,
            "Mean hourly charge": 286.0596335060245,
            "Mean difference to transformer limit": 213.9403664939755,
            "Std deviation of that difference": 162.98131730980091,
            "Total time (s)": 32.11274480819702
        },
        "test_system_5.json": {
            "Number of Chargers": 62,
            "Number of EV": 341,
            "Requested Energy (kWh)": 10279.87294218101,
            "Station Capacity": 11200.0,
            "Provided Energy (kWh)": 5937.993665582811,
            "Provided/requested ratio (%)": 57.76329823316851,
            "Total Charging Cost ($)": 193544.0164793614,
            "Standard Deviation of Energy (KWh)": 16.973,
            "Mean supplied energy (kWh)": 26.391,
            "Minimum charge (kWh)": 1.75,
            "Satisfaction Threshold (%)": 0.5,
            "Dissatisfied Users": 142,
            "Total attended users": 225,
            "Mean hourly charge": 424.1424046844864,
            "Mean difference to transformer limit": 375.8575953155136,
            "Std deviation of that difference": 281.1793029022036,
            "Total time (s)": 37.48028039932251
        },
        "test_system_6.json": {
            "Number of Chargers": 86,
            "Number of EV": 462,
            "Requested Energy (kWh)": 13901.655228151925,
            "Station Capacity": 14000.0,
            "Provided Energy (kWh)": 7795.415327622891,
            "Provided/requested ratio (%)": 56.0754471297531,
            "Total Charging Cost ($)": 221214.67354908967,
            "Standard Deviation of Energy (KWh)": 16.015,
            "Mean supplied energy (kWh)": 27.742,
            "Minimum charge (kWh)": 1.75,
            "Satisfaction Threshold (%)": 0.5,
            "Dissatisfied Users": 204,
            "Total attended users": 281,
            "Mean hourly charge": 556.8153805444921,
            "Mean difference to transformer limit": 443.1846194555079,
            "Std deviation of that difference": 337.3864177259768,
            "Total time (s)": 83.0796480178833
        },
        "test_system_7.json": {
            "Number of Chargers": 132,
            "Number of EV": 592,
            "Requested Energy (kWh)": 16806.914408509638,
            "Station Capacity": 21000.0,
            "Provided Energy (kWh)": 11899.355200706354,
            "Provided/requested ratio (%)": 70.80035580285636,
            "Total Charging Cost ($)": 441481.1058104516,
            "Standard Deviation of Energy (KWh)": 16.531,
            "Mean supplied energy (kWh)": 26.861,
            "Minimum charge (kWh)": 1.75,
            "Satisfaction Threshold (%)": 0.5,
            "Dissatisfied Users": 188,
            "Total attended users": 443,
            "Mean hourly charge": 849.9539429075961,
            "Mean difference to transformer limit": 650.0460570924039,
            "Std deviation of that difference": 542.425223655254,
            "Total time (s)": 303.2645561695099
        }
    }
}