{
    "total_execution_time_seconds": 1732.7022609710693,
    "average_objective_on_rerun": 3162589.737472295,
    "total_energy_supplied_kwh_all_instances": 34012.20976456358,
    "number_of_instances_processed": 7,
    "number_of_successful_runs": 7,
    "per_instance_details": {
        "test_system_1.json": {
            "Number of Chargers": 10,
            "Number of EV": 103,
            "Requested Energy (kWh)": 3286.481594959156,
            "Station Capacity": 980.0,
            "Provided Energy (kWh)": 821.4741494918311,
            "Provided/requested ratio (%)": 24.99554997514113,
            "Total Charging Cost ($)": 24625.595745817136,
            "Standard Deviation of Energy (KWh)": 14.539,
            "Mean supplied energy (kWh)": 26.499,
            "Minimum charge (kWh)": 9.1,
            "Satisfaction Threshold (%)": 0.5,
            "Dissatisfied Users": 81,
            "Total attended users": 31,
            "Mean hourly charge": 58.67672496370191,
            "Mean difference to transformer limit": 11.32327503629809,
            "Std deviation of that difference": 15.956440849948272,
            "Total time (s)": 5.91762375831604
        },
        "test_system_2.json": {
            "Number of Chargers": 15,
            "Number of EV": 183,
            "Requested Energy (kWh)": 5332.502592881107,
            "Station Capacity": 2800.0,
            "Provided Energy (kWh)": 1526.7744530181453,
            "Provided/requested ratio (%)": 28.631480743326588,
            "Total Charging Cost ($)": 53095.18145856102,
            "Standard Deviation of Energy (KWh)": 13.709,
            "Mean supplied energy (kWh)": 21.811,
            "Minimum charge (kWh)": 0.7,
            "Satisfaction Threshold (%)": 0.5,
            "Dissatisfied Users": 123,
            "Total attended users": 70,
            "Mean hourly charge": 109.05531807272364,
            "Mean difference to transformer limit": 90.94468192727636,
            "Std deviation of that difference": 59.202391828177056,
            "Total time (s)": 10.82927131652832
        },
        "test_system_3.json": {
            "Number of Chargers": 22,
            "Number of EV": 217,
            "Requested Energy (kWh)": 6249.885649583969,
            "Station Capacity": 4200.0,
            "Provided Energy (kWh)": 2687.3714991336756,
            "Provided/requested ratio (%)": 42.998730693777794,
            "Total Charging Cost ($)": 107873.08366161166,
            "Standard Deviation of Energy (KWh)": 15.06,
            "Mean supplied energy (kWh)": 27.145,
            "Minimum charge (kWh)": 2.8,
            "Satisfaction Threshold (%)": 0.5,
            "Dissatisfied Users": 130,
            "Total attended users": 99,
            "Mean hourly charge": 191.95510708097703,
            "Mean difference to transformer limit": 108.04489291902298,
            "Std deviation of that difference": 99.52556234651766,
            "Total time (s)": 19.28662872314453
        },
        "test_system_4.json": {
            "Number of Chargers": 38,
            "Number of EV": 286,
            "Requested Energy (kWh)": 8596.786184041668,
            "Station Capacity": 7000.0,
            "Provided Energy (kWh)": 3927.168375498511,
            "Provided/requested ratio (%)": 45.68181982690889,
            "Total Charging Cost ($)": 122765.50807446678,
            "Standard Deviation of Energy (KWh)": 16.967,
            "Mean supplied energy (kWh)": 27.084,
            "Minimum charge (kWh)": 3.07,
            "Satisfaction Threshold (%)": 0.5,
            "Dissatisfied Users": 168,
            "Total attended users": 145,
            "Mean hourly charge": 280.5120268213278,
            "Mean difference to transformer limit": 219.48797317867215,
            "Std deviation of that difference": 155.79946876681026,
            "Total time (s)": 52.2137131690979
        },
        "test_system_5.json": {
            "Number of Chargers": 62,
            "Number of EV": 341,
            "Requested Energy (kWh)": 10279.87294218101,
            "Station Capacity": 11200.0,
            "Provided Energy (kWh)": 5820.178358885512,
            "Provided/requested ratio (%)": 56.617220773262645,
            "Total Charging Cost ($)": 190902.03707648104,
            "Standard Deviation of Energy (KWh)": 17.066,
            "Mean supplied energy (kWh)": 26.099,
            "Minimum charge (kWh)": 0.7,
            "Satisfaction Threshold (%)": 0.5,
            "Dissatisfied Users": 154,
            "Total attended users": 223,
            "Mean hourly charge": 415.72702563468937,
            "Mean difference to transformer limit": 384.27297436531063,
            "Std deviation of that difference": 258.677925715432,
            "Total time (s)": 132.16441988945007
        },
        "test_system_6.json": {
            "Number of Chargers": 86,
            "Number of EV": 462,
            "Requested Energy (kWh)": 13901.655228151925,
            "Station Capacity": 14000.0,
            "Provided Energy (kWh)": 7651.355757347856,
            "Provided/requested ratio (%)": 55.039170744597875,
            "Total Charging Cost ($)": 218545.97437406323,
            "Standard Deviation of Energy (KWh)": 16.325,
            "Mean supplied energy (kWh)": 27.424,
            "Minimum charge (kWh)": 2.4,
            "Satisfaction Threshold (%)": 0.5,
            "Dissatisfied Users": 217,
            "Total attended users": 279,
            "Mean hourly charge": 546.5254112391541,
            "Mean difference to transformer limit": 453.47458876084596,
            "Std deviation of that difference": 334.6082493951171,
            "Total time (s)": 347.733766078949
        },
        "test_system_7.json": {
            "Number of Chargers": 132,
            "Number of EV": 592,
            "Requested Energy (kWh)": 16806.914408509638,
            "Station Capacity": 21000.0,
            "Provided Energy (kWh)": 11577.887171187047,
            "Provided/requested ratio (%)": 68.88764284611908,
            "Total Charging Cost ($)": 429146.7182243926,
            "Standard Deviation of Energy (KWh)": 16.098,
            "Mean supplied energy (kWh)": 26.194,
            "Minimum charge (kWh)": 0.7,
            "Satisfaction Threshold (%)": 0.5,
            "Dissatisfied Users": 185,
            "Total attended users": 442,
            "Mean hourly charge": 826.9919407991093,
            "Mean difference to transformer limit": 673.0080592008907,
            "Std deviation of that difference": 551.3990574463224,
            "Total time (s)": 1164.5568380355835
        }
    }
}